,,Author,"Author Description",Date,Rating,"Helpful count",Review,"Picture included",Language,"Message Original","Language code","Reviewer Data","Profile Url","Review Url",Photos
1,,"UMASHANKAR KUMAR","1 review","2023-10-28 06:29:13",5,0,"Pizza was too tasty 😋",no,en,"Pizza was too tasty 😋",en,"1 review",https://www.google.com/maps/contrib/109577372604332219633?hl=en-US,https://www.google.com/maps/reviews/data=!4m8!14m7!1m6!2m5!1sChZDSUhNMG9nS0VJQ0FnSUNGcnItcEhnEAE!2m1!1s0x0:0xb39ebb61cf77d678!3m1!1s2@1:CIHM0ogKEICAgICFrr-pHg%7C%7C?hl=en-US,
2,,"Rishi Raj","Local Guide · 83 reviews","2023-10-28 08:30:37",5,11,"Taste-wise good, ambience good, worth try.
Overall nice.",no,en,"Taste-wise good, ambience good, worth try.
Overall nice.",en,"Local Guide · 83 reviews",https://www.google.com/maps/contrib/104155282891349129228?hl=en-US,https://www.google.com/maps/reviews/data=!4m8!14m7!1m6!2m5!1sChdDSUhNMG9nS0VJQ0FnSUNGM3VTdzFRRRAB!2m1!1s0x0:0xb39ebb61cf77d678!3m1!1s2@1:CIHM0ogKEICAgICF3uSw1QE%7C%7C?hl=en-US,
3,,"sagar kumar","2 reviews","2023-10-28 08:30:45",5,0,"Luckily I was the first customer and i really recommend to try butter scotch and masala chicken ...these are best that I have tried..highly recommended in the btm area.",no,en,"Luckily I was the first customer and i really recommend to try butter scotch and masala chicken ...these are best that I have tried..highly recommended in the btm area.",en,"2 reviews",https://www.google.com/maps/contrib/114713445393336765630?hl=en-US,https://www.google.com/maps/reviews/data=!4m8!14m7!1m6!2m5!1sChdDSUhNMG9nS0VJQ0FnSUNGM3VTYTJnRRAB!2m1!1s0x0:0xb39ebb61cf77d678!3m1!1s2@1:CIHM0ogKEICAgICF3uSa2gE%7C%7C?hl=en-US,
4,,"utkarsh rawat","2 reviews","2023-10-29 14:34:40",5,4,"I was a great experience having faluda and fruit cream in this cafe. Service was also excellent. I would like to thank Selenophile Cafe for these delicious dishes.",no,en,"I was a great experience having faluda and fruit cream in this cafe. Service was also excellent. I would like to thank Selenophile Cafe for these delicious dishes.",en,"2 reviews",https://www.google.com/maps/contrib/106556400006633919095?hl=en-US,https://www.google.com/maps/reviews/data=!4m8!14m7!1m6!2m5!1sChZDSUhNMG9nS0VJQ0FnSUNGLWZTaVhnEAE!2m1!1s0x0:0xb39ebb61cf77d678!3m1!1s2@1:CIHM0ogKEICAgICF-fSiXg%7C%7C?hl=en-US,
5,,"sindhu janam","1 review","2023-10-29 14:54:44",5,0,"The cappuccino I had was absolutely amazing! It had a rich and bold espresso flavor, perfectly balanced with creamy steamed milk and a fluffy foam topping. It was like a warm and comforting hug in a cup. Simply I loved it",no,en,"The cappuccino I had was absolutely amazing! It had a rich and bold espresso flavor, perfectly balanced with creamy steamed milk and a fluffy foam topping. It was like a warm and comforting hug in a cup. Simply I loved it",en,"1 review",https://www.google.com/maps/contrib/112271574333511302954?hl=en-US,https://www.google.com/maps/reviews/data=!4m8!14m7!1m6!2m5!1sChZDSUhNMG9nS0VJQ0FnSUNGMllIWEpnEAE!2m1!1s0x0:0xb39ebb61cf77d678!3m1!1s2@1:CIHM0ogKEICAgICF2YHXJg%7C%7C?hl=en-US,
6,,"Sindhu Krishna","1 review","2023-10-29 15:35:08",5,0,"Place is situated in lower ground floor. Perfect cafe to get your work done. The service is pretty slow maybe they've opened new but their coffee and blueberry cheesecake is perfect. Must try",no,en,"Place is situated in lower ground floor. Perfect cafe to get your work done. The service is pretty slow maybe they've opened new but their coffee and blueberry cheesecake is perfect. Must try",en,"1 review",https://www.google.com/maps/contrib/101206792107187552069?hl=en-US,https://www.google.com/maps/reviews/data=!4m8!14m7!1m6!2m5!1sChdDSUhNMG9nS0VJQ0FnSUNGLVluT3NRRRAB!2m1!1s0x0:0xb39ebb61cf77d678!3m1!1s2@1:CIHM0ogKEICAgICF-YnOsQE%7C%7C?hl=en-US,
7,,"Avijit Roy","2 reviews","2023-10-29 17:06:00",5,2,"Quality and portion size is pretty good for the price range.Ambience is great. Defensively worth trying. Must try kunafa here. Amazing Turkish sweet delicacy❤️",no,en,"Quality and portion size is pretty good for the price range.Ambience is great. Defensively worth trying. Must try kunafa here. Amazing Turkish sweet delicacy❤️",en,"2 reviews",https://www.google.com/maps/contrib/115452238313059151987?hl=en-US,https://www.google.com/maps/reviews/data=!4m8!14m7!1m6!2m5!1sChdDSUhNMG9nS0VJQ0FnSUNGaGJqNnpBRRAB!2m1!1s0x0:0xb39ebb61cf77d678!3m1!1s2@1:CIHM0ogKEICAgICFhbj6zAE%7C%7C?hl=en-US,
8,,"Md Arif Molla","5 reviews","2023-11-01 17:49:37",5,2,"A must visit place..
The quality of foods and service is awesome .
Environment is so calm and cool.
Visit nd enjoy ur time with a quality service.
Nice cafe",no,en,"A must visit place..
The quality of foods and service is awesome .
Environment is so calm and cool.
Visit nd enjoy ur time with a quality service.
Nice cafe",en,"5 reviews",https://www.google.com/maps/contrib/110021811952672702451?hl=en-US,https://www.google.com/maps/reviews/data=!4m8!14m7!1m6!2m5!1sChdDSUhNMG9nS0VJQ0FnSUNGazZPZDNnRRAB!2m1!1s0x0:0xb39ebb61cf77d678!3m1!1s2@1:CIHM0ogKEICAgICFk6Od3gE%7C%7C?hl=en-US,
9,,"Tanay Sengupta","Local Guide · 21 reviews","2023-11-12 09:58:36",5,28,"Nestled here in BTM, Selenophile Cafe is a nice place for all those WFH folks who are looking for cozy and calm working space while enjoying a cup of coffee or digging into their signature Kunafa. The ambience is very nice and the staff are very prompt with the orders.

I would definitely recommend this cafe to others.",no,en,"Nestled here in BTM, Selenophile Cafe is a nice place for all those WFH folks who are looking for cozy and calm working space while enjoying a cup of coffee or digging into their signature Kunafa. The ambience is very nice and the staff are very prompt with the orders.

I would definitely recommend this cafe to others.",en,"Local Guide · 21 reviews",https://www.google.com/maps/contrib/115424120136308361751?hl=en-US,https://www.google.com/maps/reviews/data=!4m8!14m7!1m6!2m5!1sChdDSUhNMG9nS0VJQ0FnSURGXzZMRmhBRRAB!2m1!1s0x0:0xb39ebb61cf77d678!3m1!1s2@1:CIHM0ogKEICAgIDF_6LFhAE%7C%7C?hl=en-US,
10,,"Shivam Raj","1 review","2023-11-14 17:47:46",5,1,"Awesome ambience, friendly hospitality, delicious cousine having vast variety of continental and barista. One of it's kind in the locality. Do visit",no,en,"Awesome ambience, friendly hospitality, delicious cousine having vast variety of continental and barista. One of it's kind in the locality. Do visit",en,"1 review",https://www.google.com/maps/contrib/112803575363637532204?hl=en-US,https://www.google.com/maps/reviews/data=!4m8!14m7!1m6!2m5!1sChZDSUhNMG9nS0VJQ0FnSUQ1a2RpcEZ3EAE!2m1!1s0x0:0xb39ebb61cf77d678!3m1!1s2@1:CIHM0ogKEICAgID5kdipFw%7C%7C?hl=en-US,
11,,"Sugu Priya","1 review","2023-11-15 08:42:45",5,0,"Cafe is located in btm 2nd stage and is one of the best continental cafe here with high class food in affordable price",no,en,"Cafe is located in btm 2nd stage and is one of the best continental cafe here with high class food in affordable price",en,"1 review",https://www.google.com/maps/contrib/108564428611939576591?hl=en-US,https://www.google.com/maps/reviews/data=!4m8!14m7!1m6!2m5!1sChZDSUhNMG9nS0VJQ0FnSUNsMHR1WVVnEAE!2m1!1s0x0:0xb39ebb61cf77d678!3m1!1s2@1:CIHM0ogKEICAgICl0tuYUg%7C%7C?hl=en-US,
12,,"Sandhya Raju","2 reviews","2023-11-15 08:55:58",5,0,"I tried Barista and it was really wow. I also got my laptop along with me and worked here . They have good ambience",no,en,"I tried Barista and it was really wow. I also got my laptop along with me and worked here . They have good ambience",en,"2 reviews",https://www.google.com/maps/contrib/116723485174717355027?hl=en-US,https://www.google.com/maps/reviews/data=!4m8!14m7!1m6!2m5!1sChdDSUhNMG9nS0VJQ0FnSUNsMHVmajFRRRAB!2m1!1s0x0:0xb39ebb61cf77d678!3m1!1s2@1:CIHM0ogKEICAgICl0ufj1QE%7C%7C?hl=en-US,
13,,"Phu Tsamchoe","5 reviews","2023-11-16 19:18:48",5,0,"Food was really tasty . Such and nice ambience and cozy place",no,en,"Food was really tasty . Such and nice ambience and cozy place",en,"5 reviews",https://www.google.com/maps/contrib/116668753971017691503?hl=en-US,https://www.google.com/maps/reviews/data=!4m8!14m7!1m6!2m5!1sChdDSUhNMG9nS0VJQ0FnSUNsdXN2aTlnRRAB!2m1!1s0x0:0xb39ebb61cf77d678!3m1!1s2@1:CIHM0ogKEICAgIClusvi9gE%7C%7C?hl=en-US,
14,,"devanand kumar","1 review","2023-11-17 11:11:25",5,0,"superb workspace, chill vibe, well made, would totally recommendfor small group, good management",no,en,"superb workspace, chill vibe, well made, would totally recommendfor small group, good management",en,"1 review",https://www.google.com/maps/contrib/104454790482795573687?hl=en-US,https://www.google.com/maps/reviews/data=!4m8!14m7!1m6!2m5!1sChZDSUhNMG9nS0VJQ0FnSUNscHFTSElREAE!2m1!1s0x0:0xb39ebb61cf77d678!3m1!1s2@1:CIHM0ogKEICAgIClpqSHIQ%7C%7C?hl=en-US,
15,,"Kencheppe Hairang","2 reviews","2023-11-17 15:21:07",5,0,"One of the best places to hangout. Awesome ambiance. Food is on top notch. Much there coffee and Green pesto pasta",no,en,"One of the best places to hangout. Awesome ambiance. Food is on top notch. Much there coffee and Green pesto pasta",en,"2 reviews",https://www.google.com/maps/contrib/117245111926510669308?hl=en-US,https://www.google.com/maps/reviews/data=!4m8!14m7!1m6!2m5!1sChdDSUhNMG9nS0VJQ0FnSUNsNW82WHZ3RRAB!2m1!1s0x0:0xb39ebb61cf77d678!3m1!1s2@1:CIHM0ogKEICAgICl5o6XvwE%7C%7C?hl=en-US,
16,,"Pooja L","Local Guide · 18 reviews","2023-11-19 10:01:48",5,3,"Really yummy food, after long long time I had amazing pasta and burger.
We were so much into food that didn't take any pictures. The pic attached is the only one i could take with food in our plate 😀 this explains u how good the food was.
So yummy 😋
Please keep the same taste.",no,en,"Really yummy food, after long long time I had amazing pasta and burger.
We were so much into food that didn't take any pictures. The pic attached is the only one i could take with food in our plate 😀 this explains u how good the food was.
So yummy 😋
Please keep the same taste.",en,"Local Guide · 18 reviews",https://www.google.com/maps/contrib/106309809101695505114?hl=en-US,https://www.google.com/maps/reviews/data=!4m8!14m7!1m6!2m5!1sChdDSUhNMG9nS0VJQ0FnSUNsM29hQTZnRRAB!2m1!1s0x0:0xb39ebb61cf77d678!3m1!1s2@1:CIHM0ogKEICAgICl3oaA6gE%7C%7C?hl=en-US,
17,,"Manish Choudhary","1 review","2023-11-19 13:49:01",5,1,"Varieties of continental menu. Must try their special Lasagna and hot dog you'll not regret.",no,en,"Varieties of continental menu. Must try their special Lasagna and hot dog you'll not regret.",en,"1 review",https://www.google.com/maps/contrib/106477944300879850985?hl=en-US,https://www.google.com/maps/reviews/data=!4m8!14m7!1m6!2m5!1sChZDSUhNMG9nS0VJQ0FnSUNsdnVhbE1nEAE!2m1!1s0x0:0xb39ebb61cf77d678!3m1!1s2@1:CIHM0ogKEICAgIClvualMg%7C%7C?hl=en-US,
18,,"RAKESH KUMAR Das","4 reviews","2023-11-20 10:30:26",5,9,"Best hygiene food with varieties and affordable price I must recommend you all to visit once and experience once sure with your family and friends for birthday celebrations as well family weekend you will love the behaviour of the staff and their behaviour and best part is that the affordable price of each items were tremendous great with taste at last.",no,en,"Best hygiene food with varieties and affordable price I must recommend you all to visit once and experience once sure with your family and friends for birthday celebrations as well family weekend you will love the behaviour of the staff and their behaviour and best part is that the affordable price of each items were tremendous great with taste at last.",en,"4 reviews",https://www.google.com/maps/contrib/115819879394358119878?hl=en-US,https://www.google.com/maps/reviews/data=!4m8!14m7!1m6!2m5!1sChdDSUhNMG9nS0VJQ0FnSUNsNFlpdG9nRRAB!2m1!1s0x0:0xb39ebb61cf77d678!3m1!1s2@1:CIHM0ogKEICAgICl4YitogE%7C%7C?hl=en-US,
19,,"Monish pilla","5 reviews","2023-11-21 09:47:04",5,3,"I’m a Freelance Software developer and networking is an essential part of my business. @selenophile_cafe  has provided me with a strong networking platform, organising mixers and get-togethers which have been very beneficial for my work. People who are looking for any business meeting with a good ambience  and wide verities of food in BTM location then this is the best place for them. i highly recommend this space.",no,en,"I’m a Freelance Software developer and networking is an essential part of my business. @selenophile_cafe  has provided me with a strong networking platform, organising mixers and get-togethers which have been very beneficial for my work. People who are looking for any business meeting with a good ambience  and wide verities of food in BTM location then this is the best place for them. i highly recommend this space.",en,"5 reviews",https://www.google.com/maps/contrib/117039400038664098521?hl=en-US,https://www.google.com/maps/reviews/data=!4m8!14m7!1m6!2m5!1sChdDSUhNMG9nS0VJQ0FnSUNsaWNPYzhnRRAB!2m1!1s0x0:0xb39ebb61cf77d678!3m1!1s2@1:CIHM0ogKEICAgIClicOc8gE%7C%7C?hl=en-US,
20,,"Rama Chandra","9 reviews","2023-11-21 09:49:01",5,4,"Food was mind blowing and exceeded all expectations, will visit again for trying more menu items. Service was spot on and very high standards.",no,en,"Food was mind blowing and exceeded all expectations, will visit again for trying more menu items. Service was spot on and very high standards.",en,"9 reviews",https://www.google.com/maps/contrib/110763760615107746569?hl=en-US,https://www.google.com/maps/reviews/data=!4m8!14m7!1m6!2m5!1sChdDSUhNMG9nS0VJQ0FnSUNsaWFQdTdnRRAB!2m1!1s0x0:0xb39ebb61cf77d678!3m1!1s2@1:CIHM0ogKEICAgICliaPu7gE%7C%7C?hl=en-US,
21,,"Goutam Jha","1 review","2023-11-22 13:12:25",5,0,"The cafe ambience is really inviting. Tried pink sauce pasta which was mind blowing.",no,en,"The cafe ambience is really inviting. Tried pink sauce pasta which was mind blowing.",en,"1 review",https://www.google.com/maps/contrib/105682069865638497804?hl=en-US,https://www.google.com/maps/reviews/data=!4m8!14m7!1m6!2m5!1sChZDSUhNMG9nS0VJQ0FnSUNsMmIzT1N3EAE!2m1!1s0x0:0xb39ebb61cf77d678!3m1!1s2@1:CIHM0ogKEICAgICl2b3OSw%7C%7C?hl=en-US,
22,,"Christopher Leonard","3 reviews","2023-11-22 15:58:01",5,0,"A quaint and cozy cafe in the busy streets of BTM. The ambience is good and the food was delicious. I specifically liked the chicken tikka sandwich, Chicken BBQ Pizza and the Waffles. I would love to visit this place again.",no,en,"A quaint and cozy cafe in the busy streets of BTM. The ambience is good and the food was delicious. I specifically liked the chicken tikka sandwich, Chicken BBQ Pizza and the Waffles. I would love to visit this place again.",en,"3 reviews",https://www.google.com/maps/contrib/108874691714431950557?hl=en-US,https://www.google.com/maps/reviews/data=!4m8!14m7!1m6!2m5!1sChdDSUhNMG9nS0VJQ0FnSUNsaGVIYzRnRRAB!2m1!1s0x0:0xb39ebb61cf77d678!3m1!1s2@1:CIHM0ogKEICAgIClheHc4gE%7C%7C?hl=en-US,
23,,"Rich Das","3 reviews","2023-11-22 16:33:40",5,2,"Must try Pista Kunafa here. One of the best Kunafa in town. If you go ask for Turkish kuafa as well.",no,en,"Must try Pista Kunafa here. One of the best Kunafa in town. If you go ask for Turkish kuafa as well.",en,"3 reviews",https://www.google.com/maps/contrib/102595831328494874382?hl=en-US,https://www.google.com/maps/reviews/data=!4m8!14m7!1m6!2m5!1sChdDSUhNMG9nS0VJQ0FnSUNsaGQzT3F3RRAB!2m1!1s0x0:0xb39ebb61cf77d678!3m1!1s2@1:CIHM0ogKEICAgIClhd3OqwE%7C%7C?hl=en-US,
24,,"Sonu Das","1 review","2023-11-22 16:35:49",5,0,"Wow the ambience was literally wow. You don't find this cozy place in entire btm. The cafe provides multiple food varieties",no,en,"Wow the ambience was literally wow. You don't find this cozy place in entire btm. The cafe provides multiple food varieties",en,"1 review",https://www.google.com/maps/contrib/110950434057073277408?hl=en-US,https://www.google.com/maps/reviews/data=!4m8!14m7!1m6!2m5!1sChZDSUhNMG9nS0VJQ0FnSUNsaGIzTGNBEAE!2m1!1s0x0:0xb39ebb61cf77d678!3m1!1s2@1:CIHM0ogKEICAgIClhb3LcA%7C%7C?hl=en-US,
25,,"Anjana Kumari","5 reviews","2023-11-23 08:39:43",5,1,"Wonderful flavors across all the dishes I've tried. BYOB. Liked: Food, Service.",no,en,"Wonderful flavors across all the dishes I've tried. BYOB. Liked: Food, Service.",en,"5 reviews",https://www.google.com/maps/contrib/112851112363464557971?hl=en-US,https://www.google.com/maps/reviews/data=!4m8!14m7!1m6!2m5!1sChZDSUhNMG9nS0VJQ0FnSUNsbGNTR053EAE!2m1!1s0x0:0xb39ebb61cf77d678!3m1!1s2@1:CIHM0ogKEICAgICllcSGNw%7C%7C?hl=en-US,
26,,"arunkumar arun","1 review","2023-11-29 14:49:10",1,0,"I order kunafa but it was very bad taste I didn't like, I didn't get exact taste of kunafa it was very bad",no,en,"I order kunafa but it was very bad taste I didn't like, I didn't get exact taste of kunafa it was very bad",en,"1 review",https://www.google.com/maps/contrib/105728734539274999246?hl=en-US,https://www.google.com/maps/reviews/data=!4m8!14m7!1m6!2m5!1sChdDSUhNMG9nS0VJQ0FnSURsd0xlbDBnRRAB!2m1!1s0x0:0xb39ebb61cf77d678!3m1!1s2@1:CIHM0ogKEICAgIDlwLel0gE%7C%7C?hl=en-US,
27,,"Sameer Sam","2 reviews","2023-12-02 08:49:04",5,0,"Great ambiance. I tried their English breakfast it's really good. Might have to wait during weekends. What I also observed is they have seperate small business business meeting space. Good for co-working.",no,en,"Great ambiance. I tried their English breakfast it's really good. Might have to wait during weekends. What I also observed is they have seperate small business business meeting space. Good for co-working.",en,"2 reviews",https://www.google.com/maps/contrib/109015836016504260143?hl=en-US,https://www.google.com/maps/reviews/data=!4m8!14m7!1m6!2m5!1sChZDSUhNMG9nS0VJQ0FnSURsb2VINE5nEAE!2m1!1s0x0:0xb39ebb61cf77d678!3m1!1s2@1:CIHM0ogKEICAgIDloeH4Ng%7C%7C?hl=en-US,
28,,"Shefali Kochendra","Local Guide · 25 reviews","2023-12-03 12:24:16",5,60,"There are rubics cubes of different types to get you engaged and the taste was nice we ordered latte, hazelnut amd mojito.
There's free wifi amd team work too.",no,en,"There are rubics cubes of different types to get you engaged and the taste was nice we ordered latte, hazelnut amd mojito.
There's free wifi amd team work too.",en,"Local Guide · 25 reviews",https://www.google.com/maps/contrib/100296123942849955193?hl=en-US,https://www.google.com/maps/reviews/data=!4m8!14m7!1m6!2m5!1sChdDSUhNMG9nS0VJQ0FnSURsZzVuQmxRRRAB!2m1!1s0x0:0xb39ebb61cf77d678!3m1!1s2@1:CIHM0ogKEICAgIDlg5nBlQE%7C%7C?hl=en-US,
29,,"F Lalhriatpuii","1 review","2023-12-07 16:33:41",5,9,"It's worth spending.",no,en,"It's worth spending.",en,"1 review",https://www.google.com/maps/contrib/113881494980205281304?hl=en-US,https://www.google.com/maps/reviews/data=!4m8!14m7!1m6!2m5!1sChZDSUhNMG9nS0VJQ0FnSUNWNFl1NVJBEAE!2m1!1s0x0:0xb39ebb61cf77d678!3m1!1s2@1:CIHM0ogKEICAgICV4Yu5RA%7C%7C?hl=en-US,
30,,"Ritoswu Ritoswu","3 reviews","2023-12-13 14:21:48",5,0,"I've tried pista Kunafa and 🍕 I must say it's really delicious.  And I must say it's a Hidden gem for btm ppl.",no,en,"I've tried pista Kunafa and 🍕 I must say it's really delicious.  And I must say it's a Hidden gem for btm ppl.",en,"3 reviews",https://www.google.com/maps/contrib/105747613521942611162?hl=en-US,https://www.google.com/maps/reviews/data=!4m8!14m7!1m6!2m5!1sChZDSUhNMG9nS0VJQ0FnSURWa1pyV1l3EAE!2m1!1s0x0:0xb39ebb61cf77d678!3m1!1s2@1:CIHM0ogKEICAgIDVkZrWYw%7C%7C?hl=en-US,
31,,"Jamir Hussain","1 review","2023-12-17 10:47:28",5,0,"Nice place must try there pizza
N the staff r so friendly 😎",no,en,"Nice place must try there pizza
N the staff r so friendly 😎",en,"1 review",https://www.google.com/maps/contrib/118045866133924871778?hl=en-US,https://www.google.com/maps/reviews/data=!4m8!14m7!1m6!2m5!1sChZDSUhNMG9nS0VJQ0FnSURWeDZEblN3EAE!2m1!1s0x0:0xb39ebb61cf77d678!3m1!1s2@1:CIHM0ogKEICAgIDVx6DnSw%7C%7C?hl=en-US,
32,,Samanwita,"Local Guide · 69 reviews","2023-12-23 05:29:39",4,163,"I tried the hotdog. It was good. Fries were hot and crispy .",no,en,"I tried the hotdog. It was good. Fries were hot and crispy .",en,"Local Guide · 69 reviews",https://www.google.com/maps/contrib/103441198190947064464?hl=en-US,https://www.google.com/maps/reviews/data=!4m8!14m7!1m6!2m5!1sChdDSUhNMG9nS0VJQ0FnSUMxcEoySjR3RRAB!2m1!1s0x0:0xb39ebb61cf77d678!3m1!1s2@1:CIHM0ogKEICAgIC1pJ2J4wE%7C%7C?hl=en-US,
33,,"Zainul Abideen","Local Guide · 3 reviews","2024-01-05 16:22:38",5,50,"Good for spending time with friends they have lot of option to play games with good food",no,en,"Good for spending time with friends they have lot of option to play games with good food",en,"Local Guide · 3 reviews",https://www.google.com/maps/contrib/108849240132597519074?hl=en-US,https://www.google.com/maps/reviews/data=!4m8!14m7!1m6!2m5!1sChZDSUhNMG9nS0VJQ0FnSUQxOU4yR0ZREAE!2m1!1s0x0:0xb39ebb61cf77d678!3m1!1s2@1:CIHM0ogKEICAgID19N2GFQ%7C%7C?hl=en-US,
34,,"Laura Thilek","Local Guide · 6 reviews","2024-01-06 13:47:55",5,46,"Amazing food ... Just too good... Everything is just at a perfect peak.",no,en,"Amazing food ... Just too good... Everything is just at a perfect peak.",en,"Local Guide · 6 reviews",https://www.google.com/maps/contrib/116985730944853898549?hl=en-US,https://www.google.com/maps/reviews/data=!4m8!14m7!1m6!2m5!1sChdDSUhNMG9nS0VJQ0FnSUQxeXVtUG9BRRAB!2m1!1s0x0:0xb39ebb61cf77d678!3m1!1s2@1:CIHM0ogKEICAgID1yumPoAE%7C%7C?hl=en-US,
35,,"Rao Rao","3 reviews","2024-01-06 18:41:46",5,6,"One of the best cafe, all over is excellent want to visit again thanks 👍",no,en,"One of the best cafe, all over is excellent want to visit again thanks 👍",en,"3 reviews",https://www.google.com/maps/contrib/114248762266708893275?hl=en-US,https://www.google.com/maps/reviews/data=!4m8!14m7!1m6!2m5!1sChdDSUhNMG9nS0VJQ0FnSUQxeHVpc3hRRRAB!2m1!1s0x0:0xb39ebb61cf77d678!3m1!1s2@1:CIHM0ogKEICAgID1xuisxQE%7C%7C?hl=en-US,
36,,"Kalpana Patro","9 reviews","2024-01-07 16:59:22",5,2,"Best kunafa in btm 2nd stage. Must try the rest of the dishes too. Loved the ambience and service too. Friendly behaviour.",no,en,"Best kunafa in btm 2nd stage. Must try the rest of the dishes too. Loved the ambience and service too. Friendly behaviour.",en,"9 reviews",https://www.google.com/maps/contrib/117053327747692606026?hl=en-US,https://www.google.com/maps/reviews/data=!4m8!14m7!1m6!2m5!1sChdDSUhNMG9nS0VJQ0FnSUQxd2RXM3dRRRAB!2m1!1s0x0:0xb39ebb61cf77d678!3m1!1s2@1:CIHM0ogKEICAgID1wdW3wQE%7C%7C?hl=en-US,
37,,"Roshan Joshi","Local Guide · 105 reviews","2024-01-12 07:55:33",5,26,"Found my new go-to spot in Bangalore! Selenophile Cafe is a cozy cafe and co-working space that has it all - amazing coffee, delicious continental food, and the most heavenly kunafa. The best part? Free wifi and the sandwiches are made with tasty focaccia bread. Need a place to work or have a meeting? They've got you covered with a small meeting room. Whether you're a coffee lover, foodie, or just need a cool workspace, this place has everything you need. Can't wait to spend more time here, sipping coffee and enjoying their scrumptious offerings.",no,en,"Found my new go-to spot in Bangalore! Selenophile Cafe is a cozy cafe and co-working space that has it all - amazing coffee, delicious continental food, and the most heavenly kunafa. The best part? Free wifi and the sandwiches are made with tasty focaccia bread. Need a place to work or have a meeting? They've got you covered with a small meeting room. Whether you're a coffee lover, foodie, or just need a cool workspace, this place has everything you need. Can't wait to spend more time here, sipping coffee and enjoying their scrumptious offerings.",en,"Local Guide · 105 reviews",https://www.google.com/maps/contrib/103206628479721805142?hl=en-US,https://www.google.com/maps/reviews/data=!4m8!14m7!1m6!2m5!1sChdDSUhNMG9nS0VJQ0FnSUNONUpHNHFnRRAB!2m1!1s0x0:0xb39ebb61cf77d678!3m1!1s2@1:CIHM0ogKEICAgICN5JG4qgE%7C%7C?hl=en-US,
38,,"rishabh daga","Local Guide · 24 reviews","2024-01-21 09:41:33",5,19,"One of the best places in the area
The food was too good and the ambience as well",no,en,"One of the best places in the area
The food was too good and the ambience as well",en,"Local Guide · 24 reviews",https://www.google.com/maps/contrib/117205764319910460037?hl=en-US,https://www.google.com/maps/reviews/data=!4m8!14m7!1m6!2m5!1sChdDSUhNMG9nS0VJQ0FnSUROc3NlX2tRRRAB!2m1!1s0x0:0xb39ebb61cf77d678!3m1!1s2@1:CIHM0ogKEICAgIDNsse_kQE%7C%7C?hl=en-US,
39,,"Suchita Bhura","Local Guide · 411 reviews","2024-01-23 06:33:36",5,45,"Another cute cafe serving all day breakfast with fResh ingredients they also have sandwhiches pastas pizzas and some great coffees
very cute ambience
must try mocha and pancakes
highly recommended",no,en,"Another cute cafe serving all day breakfast with fResh ingredients they also have sandwhiches pastas pizzas and some great coffees
very cute ambience
must try mocha and pancakes
highly recommended",en,"Local Guide · 411 reviews",https://www.google.com/maps/contrib/101941705956111826315?hl=en-US,https://www.google.com/maps/reviews/data=!4m8!14m7!1m6!2m5!1sChdDSUhNMG9nS0VJQ0FnSURONGVfWmxnRRAB!2m1!1s0x0:0xb39ebb61cf77d678!3m1!1s2@1:CIHM0ogKEICAgIDN4e_ZlgE%7C%7C?hl=en-US,
40,,"Zeba Khan","Local Guide · 22 reviews","2024-01-26 16:11:45",5,1,"This is a hidden gem in btm  for people who like to experiment with food and at the same time value the quality of food. They serve an amazing atmosphere where you can work peacefully and enjoy your favourite meal at the same time. Everything served on the plates is just lip smacking and mouth watering. Their spread of English breakfast, sandwiches, desserts is just worth the try. They have extremely hospitable hosts who would serve you with a smile .
Its great place to hang out with friends and play some quick games too...Don't miss out on this ! hurry!",no,en,"This is a hidden gem in btm  for people who like to experiment with food and at the same time value the quality of food. They serve an amazing atmosphere where you can work peacefully and enjoy your favourite meal at the same time. Everything served on the plates is just lip smacking and mouth watering. Their spread of English breakfast, sandwiches, desserts is just worth the try. They have extremely hospitable hosts who would serve you with a smile .
Its great place to hang out with friends and play some quick games too...Don't miss out on this ! hurry!",en,"Local Guide · 22 reviews",https://www.google.com/maps/contrib/103945761449429263455?hl=en-US,https://www.google.com/maps/reviews/data=!4m8!14m7!1m6!2m5!1sChdDSUhNMG9nS0VJQ0FnSUROaDdPMmdBRRAB!2m1!1s0x0:0xb39ebb61cf77d678!3m1!1s2@1:CIHM0ogKEICAgIDNh7O2gAE%7C%7C?hl=en-US,
41,,"Shubh rock","8 reviews","2024-01-26 16:17:37",5,2,"Being a foody myself I keep exploring places for good food...this place serves my purpose to the fullest. Whatever I have tried here is just amazing and I keep going back to this place to keep my taste buds active.",no,en,"Being a foody myself I keep exploring places for good food...this place serves my purpose to the fullest. Whatever I have tried here is just amazing and I keep going back to this place to keep my taste buds active.",en,"8 reviews",https://www.google.com/maps/contrib/109730126504306645951?hl=en-US,https://www.google.com/maps/reviews/data=!4m8!14m7!1m6!2m5!1sChZDSUhNMG9nS0VJQ0FnSUROaDl2dkR3EAE!2m1!1s0x0:0xb39ebb61cf77d678!3m1!1s2@1:CIHM0ogKEICAgIDNh9vvDw%7C%7C?hl=en-US,
42,,"Ibrahim Khan","2 reviews","2024-02-08 15:14:41",5,1,"I got a awesome service from Selenophile cafe the food is mind blowing 🤤 I had a good experience from Selenophile cafe just try it out guys  "" Cappuccino "" it's just a woww 🤌",no,en,"I got a awesome service from Selenophile cafe the food is mind blowing 🤤 I had a good experience from Selenophile cafe just try it out guys  "" Cappuccino "" it's just a woww 🤌",en,"2 reviews",https://www.google.com/maps/contrib/117922442179317644266?hl=en-US,https://www.google.com/maps/reviews/data=!4m8!14m7!1m6!2m5!1sChdDSUhNMG9nS0VJQ0FnSUR0ci1HQzZRRRAB!2m1!1s0x0:0xb39ebb61cf77d678!3m1!1s2@1:CIHM0ogKEICAgIDtr-GC6QE%7C%7C?hl=en-US,
43,,"Zishan Zee","3 reviews","2024-02-08 15:20:53",5,0,"The one more best cafe with respect and care the selenophile cafe…. I will recommend you the “ hot chocolate with lindt “  it is the one of the best food of selenophile cafe",no,en,"The one more best cafe with respect and care the selenophile cafe…. I will recommend you the “ hot chocolate with lindt “  it is the one of the best food of selenophile cafe",en,"3 reviews",https://www.google.com/maps/contrib/109758314535734784365?hl=en-US,https://www.google.com/maps/reviews/data=!4m8!14m7!1m6!2m5!1sChZDSUhNMG9nS0VJQ0FnSUR0cjhud2FREAE!2m1!1s0x0:0xb39ebb61cf77d678!3m1!1s2@1:CIHM0ogKEICAgIDtr8nwaQ%7C%7C?hl=en-US,
44,,Ruks,"Local Guide · 56 reviews","2024-02-10 01:36:56",4,10,"It's a very nice place to visit with your friends and family one thing I liked the most was they have some games to play until your food prepares so we can chill and enjoy , reasonable prices friendly staff",no,en,"It's a very nice place to visit with your friends and family one thing I liked the most was they have some games to play until your food prepares so we can chill and enjoy , reasonable prices friendly staff",en,"Local Guide · 56 reviews",https://www.google.com/maps/contrib/116699558199004706391?hl=en-US,https://www.google.com/maps/reviews/data=!4m8!14m7!1m6!2m5!1sChZDSUhNMG9nS0VJQ0FnSUNkME42Z0RREAE!2m1!1s0x0:0xb39ebb61cf77d678!3m1!1s2@1:CIHM0ogKEICAgICd0N6gDQ%7C%7C?hl=en-US,
45,,"Santosh s","3 reviews","2024-02-14 17:34:08",5,3,"My friend was so happy for taking her to this place...food was amazing 😍",no,en,"My friend was so happy for taking her to this place...food was amazing 😍",en,"3 reviews",https://www.google.com/maps/contrib/104363639806684566724?hl=en-US,https://www.google.com/maps/reviews/data=!4m8!14m7!1m6!2m5!1sChZDSUhNMG9nS0VJQ0FnSUNkdXB5ZVFnEAE!2m1!1s0x0:0xb39ebb61cf77d678!3m1!1s2@1:CIHM0ogKEICAgICdupyeQg%7C%7C?hl=en-US,
46,,"Amit S","Local Guide · 12 reviews","2024-03-04 16:15:04",5,0,"Nice and unique test of food.Must try once.
Great place to go with your friends and family.
As well as you can work from here.
Very polite staff.",no,en,"Nice and unique test of food.Must try once.
Great place to go with your friends and family.
As well as you can work from here.
Very polite staff.",en,"Local Guide · 12 reviews",https://www.google.com/maps/contrib/118095149315749684578?hl=en-US,https://www.google.com/maps/reviews/data=!4m8!14m7!1m6!2m5!1sChdDSUhNMG9nS0VJQ0FnSUM5dXI3UnJBRRAB!2m1!1s0x0:0xb39ebb61cf77d678!3m1!1s2@1:CIHM0ogKEICAgIC9ur7RrAE%7C%7C?hl=en-US,
47,,"Vijeet Shaw","Local Guide · 24 reviews","2024-03-11 15:43:34",5,17,"Lovely place with a calm and refreshing ambience. Really good food, especially the Kunafa, which was totally out of this world.",no,en,"Lovely place with a calm and refreshing ambience. Really good food, especially the Kunafa, which was totally out of this world.",en,"Local Guide · 24 reviews",https://www.google.com/maps/contrib/109535902970846230821?hl=en-US,https://www.google.com/maps/reviews/data=!4m8!14m7!1m6!2m5!1sChdDSUhNMG9nS0VJQ0FnSUM5bjhEXzNnRRAB!2m1!1s0x0:0xb39ebb61cf77d678!3m1!1s2@1:CIHM0ogKEICAgIC9n8D_3gE%7C%7C?hl=en-US,
48,,Priyanka,"Local Guide · 114 reviews","2024-03-12 12:28:34",5,354,"The ambience of the cafe is good.
They have various types of Kunafas.
Must try ❤️",no,en,"The ambience of the cafe is good.
They have various types of Kunafas.
Must try ❤️",en,"Local Guide · 114 reviews",https://www.google.com/maps/contrib/117304008504466451976?hl=en-US,https://www.google.com/maps/reviews/data=!4m8!14m7!1m6!2m5!1sChZDSUhNMG9nS0VJQ0FnSUQ5MEstLWFnEAE!2m1!1s0x0:0xb39ebb61cf77d678!3m1!1s2@1:CIHM0ogKEICAgID90K--ag%7C%7C?hl=en-US,
49,,"Deepshi Tandon","Local Guide · 60 reviews","2024-03-21 11:54:13",5,46,"Food and ambience both are really good. I had cold coffee and white sauce pasta and it was amazing. The sauce of pasta is really perfect. Please do try their food.",no,en,"Food and ambience both are really good. I had cold coffee and white sauce pasta and it was amazing. The sauce of pasta is really perfect. Please do try their food.",en,"Local Guide · 60 reviews",https://www.google.com/maps/contrib/108813948295765212908?hl=en-US,https://www.google.com/maps/reviews/data=!4m8!14m7!1m6!2m5!1sChZDSUhNMG9nS0VJQ0FnSUQ5MjhMOFBnEAE!2m1!1s0x0:0xb39ebb61cf77d678!3m1!1s2@1:CIHM0ogKEICAgID928L8Pg%7C%7C?hl=en-US,
50,,"Akhil Krishna Sajeev","Local Guide · 17 reviews","2024-04-14 13:51:24",1,2,"I don't know about other food but NEVER EVER get a hot dog from here... It's the worst hot dog i've ever had. The bread was hard to bite and they cut the bread into two pieces which made it very difficult to eat. The fries which I got with it was very oily and not crispy at all (probably because it was old and microwaved). Successfully wasted ₹224 👍",no,en,"I don't know about other food but NEVER EVER get a hot dog from here... It's the worst hot dog i've ever had. The bread was hard to bite and they cut the bread into two pieces which made it very difficult to eat. The fries which I got with it was very oily and not crispy at all (probably because it was old and microwaved). Successfully wasted ₹224 👍",en,"Local Guide · 17 reviews",https://www.google.com/maps/contrib/109825290234291848907?hl=en-US,https://www.google.com/maps/reviews/data=!4m8!14m7!1m6!2m5!1sChdDSUhNMG9nS0VJQ0FnSUREbThMZTJnRRAB!2m1!1s0x0:0xb39ebb61cf77d678!3m1!1s2@1:CIHM0ogKEICAgIDDm8Le2gE%7C%7C?hl=en-US,
51,,"Prateek Tiwari","11 reviews","2024-04-15 12:57:14",5,3,"The food here is really amazing, specially the all day English breakfast that they have,
aglio-olio and nachos.....
Definitely my go to place from now onwards!!!",no,en,"The food here is really amazing, specially the all day English breakfast that they have,
aglio-olio and nachos.....
Definitely my go to place from now onwards!!!",en,"11 reviews",https://www.google.com/maps/contrib/101166486059799237116?hl=en-US,https://www.google.com/maps/reviews/data=!4m8!14m7!1m6!2m5!1sChdDSUhNMG9nS0VJQ0FnSUREMS1mZWtRRRAB!2m1!1s0x0:0xb39ebb61cf77d678!3m1!1s2@1:CIHM0ogKEICAgIDD1-fekQE%7C%7C?hl=en-US,
52,,"SHIVAM KUMAR","2 reviews","2024-04-17 13:09:21",5,0,"I've have been searching for co-working space nearby n then I found this place. The ambience is really good inside and the the food is wow. I've tried English breakfast. Price is reasonable and quantity is more than expected. second day I went again and tried Alfredo pasta and the taste is above all.

Must try:
Alfredo pasta
English breakfast
Mango milkshakes",no,en,"I've have been searching for co-working space nearby n then I found this place. The ambience is really good inside and the the food is wow. I've tried English breakfast. Price is reasonable and quantity is more than expected. second day I went again and tried Alfredo pasta and the taste is above all.

Must try:
Alfredo pasta
English breakfast
Mango milkshakes",en,"2 reviews",https://www.google.com/maps/contrib/114699262329931296913?hl=en-US,https://www.google.com/maps/reviews/data=!4m8!14m7!1m6!2m5!1sChdDSUhNMG9nS0VJQ0FnSUNqNk5YYnB3RRAB!2m1!1s0x0:0xb39ebb61cf77d678!3m1!1s2@1:CIHM0ogKEICAgICj6NXbpwE%7C%7C?hl=en-US,
53,,"Usman Khan","Local Guide · 47 reviews","2024-05-04 09:46:37",5,0,"An amazing choice if you’re looking for a co working space I tried Mango Matcha and it was perfect, Mango cream and icecream is a must try and the Korean wrap sandwich was fully loaded and delicious. Would recommend",no,en,"An amazing choice if you’re looking for a co working space I tried Mango Matcha and it was perfect, Mango cream and icecream is a must try and the Korean wrap sandwich was fully loaded and delicious. Would recommend",en,"Local Guide · 47 reviews",https://www.google.com/maps/contrib/106923843764174646177?hl=en-US,https://www.google.com/maps/reviews/data=!4m8!14m7!1m6!2m5!1sChZDSUhNMG9nS0VJQ0FnSURqMGJpeWZnEAE!2m1!1s0x0:0xb39ebb61cf77d678!3m1!1s2@1:CIHM0ogKEICAgIDj0biyfg%7C%7C?hl=en-US,
54,,Meher,"Local Guide · 45 reviews","2024-05-07 14:20:06",5,2,"Beautiful ambience, the food was so delicious. Best place to spend time with friends",no,en,"Beautiful ambience, the food was so delicious. Best place to spend time with friends",en,"Local Guide · 45 reviews",https://www.google.com/maps/contrib/113978876956029411610?hl=en-US,https://www.google.com/maps/reviews/data=!4m8!14m7!1m6!2m5!1sChdDSUhNMG9nS0VJQ0FnSURqeTZLaXh3RRAB!2m1!1s0x0:0xb39ebb61cf77d678!3m1!1s2@1:CIHM0ogKEICAgIDjy6KixwE%7C%7C?hl=en-US,
55,,"Manoj Kumar","Local Guide · 12 reviews","2024-05-25 08:00:49",5,11,"Randomly came here to pass the time, surprisingly the food is very good, very yummy. Must try Hot chocolate and Corn sandwich. These type of small cafes needed Boost.",no,en,"Randomly came here to pass the time, surprisingly the food is very good, very yummy. Must try Hot chocolate and Corn sandwich. These type of small cafes needed Boost.",en,"Local Guide · 12 reviews",https://www.google.com/maps/contrib/100891557125446211827?hl=en-US,https://www.google.com/maps/reviews/data=!4m8!14m7!1m6!2m5!1sChdDSUhNMG9nS0VJQ0FnSURUd2NHOF9RRRAB!2m1!1s0x0:0xb39ebb61cf77d678!3m1!1s2@1:CIHM0ogKEICAgIDTwcG8_QE%7C%7C?hl=en-US,
56,,"Hrithik Purwar","Local Guide · 148 reviews","2024-05-30 16:58:18",5,6,"Really good place for affordable english breakfast and kunafa. Probably one of the only few places serving english breakfast in the area.",no,en,"Really good place for affordable english breakfast and kunafa. Probably one of the only few places serving english breakfast in the area.",en,"Local Guide · 148 reviews",https://www.google.com/maps/contrib/112522424857343643225?hl=en-US,https://www.google.com/maps/reviews/data=!4m8!14m7!1m6!2m5!1sChdDSUhNMG9nS0VJQ0FnSUN6dU16XzZRRRAB!2m1!1s0x0:0xb39ebb61cf77d678!3m1!1s2@1:CIHM0ogKEICAgICzuMz_6QE%7C%7C?hl=en-US,
57,,"Akshata Jayakar Shetty","5 reviews","2024-06-16 08:33:49",5,0,"A highly recommended cute & cozy cafe with variety of delicious food options ! Prices are pocket friendly & its a perfect place to hangout with friends. You can play games, read books etc. The staff is really humble & the service is too good. ✨ Looking forward to our next visit !!",no,en,"A highly recommended cute & cozy cafe with variety of delicious food options ! Prices are pocket friendly & its a perfect place to hangout with friends. You can play games, read books etc. The staff is really humble & the service is too good. ✨ Looking forward to our next visit !!",en,"5 reviews",https://www.google.com/maps/contrib/106178770581844731761?hl=en-US,https://www.google.com/maps/reviews/data=!4m8!14m7!1m6!2m5!1sChdDSUhNMG9nS0VJQ0FnSUNMck9QZzZnRRAB!2m1!1s0x0:0xb39ebb61cf77d678!3m1!1s2@1:CIHM0ogKEICAgICLrOPg6gE%7C%7C?hl=en-US,
58,,"akky's World","Local Guide · 73 reviews","2024-06-18 19:51:17",2,8,"I went there by watching Kunafa reels at 99/-
It costs 300+ for cheese kunafa.
Apart from cost, kunafa is fine.

I tried Butterscotch milk shake which is very high sweet, got cough at first sip.  I asked for modification,  as I was not able to consume.
This time, it's even more worst, totally milky.

Not as of my expectations.",no,en,"I went there by watching Kunafa reels at 99/-
It costs 300+ for cheese kunafa.
Apart from cost, kunafa is fine.

I tried Butterscotch milk shake which is very high sweet, got cough at first sip.  I asked for modification,  as I was not able to consume.
This time, it's even more worst, totally milky.

Not as of my expectations.",en,"Local Guide · 73 reviews",https://www.google.com/maps/contrib/101114812593572240989?hl=en-US,https://www.google.com/maps/reviews/data=!4m8!14m7!1m6!2m5!1sChdDSUhNMG9nS0VJQ0FnSUNMNXZQdl9RRRAB!2m1!1s0x0:0xb39ebb61cf77d678!3m1!1s2@1:CIHM0ogKEICAgICL5vPv_QE%7C%7C?hl=en-US,
59,,"Ramesh Joshi","1 review","2024-06-27 14:54:11",5,0,"Cafe is really good and they serve the best English breakfast in BTM. Its bit hidden though and need more visibility . Writing this review so it reaches all thr genuine people who's looking for fresh and delicious food along with the beautiful ambience.",no,en,"Cafe is really good and they serve the best English breakfast in BTM. Its bit hidden though and need more visibility . Writing this review so it reaches all thr genuine people who's looking for fresh and delicious food along with the beautiful ambience.",en,"1 review",https://www.google.com/maps/contrib/108185915417604167675?hl=en-US,https://www.google.com/maps/reviews/data=!4m8!14m7!1m6!2m5!1sChZDSUhNMG9nS0VJQ0FnSURMMXBxdkh3EAE!2m1!1s0x0:0xb39ebb61cf77d678!3m1!1s2@1:CIHM0ogKEICAgIDL1pqvHw%7C%7C?hl=en-US,
60,,"deeps reddy","Local Guide · 91 reviews","2024-06-28 08:56:12",2,169,"The food was average.. cockroaches were on the tables and walls as well..  ambience is good .. but there's no point when hygiene isn't maintained..
The staff were courteous..",no,en,"The food was average.. cockroaches were on the tables and walls as well..  ambience is good .. but there's no point when hygiene isn't maintained..
The staff were courteous..",en,"Local Guide · 91 reviews",https://www.google.com/maps/contrib/109330297995813491058?hl=en-US,https://www.google.com/maps/reviews/data=!4m8!14m7!1m6!2m5!1sChdDSUhNMG9nS0VJQ0FnSURMb2NYQTlBRRAB!2m1!1s0x0:0xb39ebb61cf77d678!3m1!1s2@1:CIHM0ogKEICAgIDLocXA9AE%7C%7C?hl=en-US,
61,,"Shraddha Y","2 reviews","2024-07-05 09:35:05",5,0,"This is one of the best café in BTM with amazing food quality and ambience. What I liked about this place is the engagement  of food and table games. Food and service is great. Must try is their English breakfast for Veg and Nonveg both, Corn and Spinach Sandwich should be in their best seller. It’s is pocket friendly as compared to other cafés in BTM. Let’s promote these small cafés than big ones because they deserve it too. Service is a bit slow as they prepare food items freshly after order but believe me it all be worth the wait. We even tried Pink pasta,  cooler drinks, crispy chicken burger and hot dogs. We have visited there twice and def will go more often.",no,en,"This is one of the best café in BTM with amazing food quality and ambience. What I liked about this place is the engagement  of food and table games. Food and service is great. Must try is their English breakfast for Veg and Nonveg both, Corn and Spinach Sandwich should be in their best seller. It’s is pocket friendly as compared to other cafés in BTM. Let’s promote these small cafés than big ones because they deserve it too. Service is a bit slow as they prepare food items freshly after order but believe me it all be worth the wait. We even tried Pink pasta,  cooler drinks, crispy chicken burger and hot dogs. We have visited there twice and def will go more often.",en,"2 reviews",https://www.google.com/maps/contrib/102599720235017838121?hl=en-US,https://www.google.com/maps/reviews/data=!4m8!14m7!1m6!2m5!1sChZDSUhNMG9nS0VJQ0FnSUNyb3BuSmZBEAE!2m1!1s0x0:0xb39ebb61cf77d678!3m1!1s2@1:CIHM0ogKEICAgICropnJfA%7C%7C?hl=en-US,
62,,"Sneha Ganiga","4 reviews","2024-07-06 04:04:49",3,5,"The listed hours are way off—they don’t actually open until 10am. We showed up at 9:20, only to find them still cleaning. They informed us it wouldn’t be open until 10. Please update the timing to reflect this.",no,en,"The listed hours are way off—they don’t actually open until 10am. We showed up at 9:20, only to find them still cleaning. They informed us it wouldn’t be open until 10. Please update the timing to reflect this.",en,"4 reviews",https://www.google.com/maps/contrib/104555161826662469353?hl=en-US,https://www.google.com/maps/reviews/data=!4m8!14m7!1m6!2m5!1sChZDSUhNMG9nS0VJQ0FnSUNyNm9lMFlREAE!2m1!1s0x0:0xb39ebb61cf77d678!3m1!1s2@1:CIHM0ogKEICAgICr6oe0YQ%7C%7C?hl=en-US,
63,,"Kanchan M","Local Guide · 72 reviews","2024-07-11 05:05:04",5,5,"Cute cafe situated in BTM 2 nd stage just adjacent to Namaste Restaurant.

Price is affordable with good food and some fun games also present for mood lifting.",no,en,"Cute cafe situated in BTM 2 nd stage just adjacent to Namaste Restaurant.

Price is affordable with good food and some fun games also present for mood lifting.",en,"Local Guide · 72 reviews",https://www.google.com/maps/contrib/108600378260797752100?hl=en-US,https://www.google.com/maps/reviews/data=!4m8!14m7!1m6!2m5!1sChZDSUhNMG9nS0VJQ0FnSUNyaTdHblNnEAE!2m1!1s0x0:0xb39ebb61cf77d678!3m1!1s2@1:CIHM0ogKEICAgICri7GnSg%7C%7C?hl=en-US,
64,,"Saumya S S","2 reviews","2024-07-11 17:20:14",5,2,"The quantity and quality of food is amazing 🤌✨ Just wish the Nutella Kunafa had a bit more of Nutella and the temperature in the cafe could be a bit more cool. Loved the food ♥️ Would definitely recommend and visit again",no,en,"The quantity and quality of food is amazing 🤌✨ Just wish the Nutella Kunafa had a bit more of Nutella and the temperature in the cafe could be a bit more cool. Loved the food ♥️ Would definitely recommend and visit again",en,"2 reviews",https://www.google.com/maps/contrib/114687256397568202620?hl=en-US,https://www.google.com/maps/reviews/data=!4m8!14m7!1m6!2m5!1sChZDSUhNMG9nS0VJQ0FnSUNyaC1ydmZ3EAE!2m1!1s0x0:0xb39ebb61cf77d678!3m1!1s2@1:CIHM0ogKEICAgICrh-rvfw%7C%7C?hl=en-US,
65,,"Shrishti Suresh","Local Guide · 26 reviews","2024-07-12 14:27:55",5,1,"I love the ambience and food. I visit this cafe more often. It is also a best place to work. I would recommend everyone to visit this place",no,en,"I love the ambience and food. I visit this cafe more often. It is also a best place to work. I would recommend everyone to visit this place",en,"Local Guide · 26 reviews",https://www.google.com/maps/contrib/114057866964261276173?hl=en-US,https://www.google.com/maps/reviews/data=!4m8!14m7!1m6!2m5!1sChZDSUhNMG9nS0VJQ0FnSUNydjczTkJnEAE!2m1!1s0x0:0xb39ebb61cf77d678!3m1!1s2@1:CIHM0ogKEICAgICrv73NBg%7C%7C?hl=en-US,
66,,"T S","14 reviews","2024-07-13 19:00:49",4,3,"Good vibe. Good place to sit and chill in. Average coffee, average food.",no,en,"Good vibe. Good place to sit and chill in. Average coffee, average food.",en,"14 reviews",https://www.google.com/maps/contrib/107381486871651010200?hl=en-US,https://www.google.com/maps/reviews/data=!4m8!14m7!1m6!2m5!1sChdDSUhNMG9nS0VJQ0FnSURycU03aml3RRAB!2m1!1s0x0:0xb39ebb61cf77d678!3m1!1s2@1:CIHM0ogKEICAgIDrqM7jiwE%7C%7C?hl=en-US,
67,,"Stephen James","Local Guide · 112 reviews","2024-07-15 07:02:52",4,39,"The breakfast was really tasty and the decor was nice inside",no,en,"The breakfast was really tasty and the decor was nice inside",en,"Local Guide · 112 reviews",https://www.google.com/maps/contrib/116621034941667564177?hl=en-US,https://www.google.com/maps/reviews/data=!4m8!14m7!1m6!2m5!1sChdDSUhNMG9nS0VJQ0FnSURyNU1udF93RRAB!2m1!1s0x0:0xb39ebb61cf77d678!3m1!1s2@1:CIHM0ogKEICAgIDr5Mnt_wE%7C%7C?hl=en-US,
68,,"Annesha Deb","Local Guide · 34 reviews","2024-07-21 18:20:22",4,12,"Unfortunately I don't have any pictures of that place. It is an underground cafe. We had ordered cold coffee, Assam tea, and barbecue pizza. The cold coffee was fine, the tea was extra sweet, and the pizza was nowhere near what pizza is supposed to be. Furthermore, they had used chopped chillies as toppings for a pizza. The experience was not good.",no,en,"Unfortunately I don't have any pictures of that place. It is an underground cafe. We had ordered cold coffee, Assam tea, and barbecue pizza. The cold coffee was fine, the tea was extra sweet, and the pizza was nowhere near what pizza is supposed to be. Furthermore, they had used chopped chillies as toppings for a pizza. The experience was not good.",en,"Local Guide · 34 reviews",https://www.google.com/maps/contrib/110656120923667744659?hl=en-US,https://www.google.com/maps/reviews/data=!4m8!14m7!1m6!2m5!1sChdDSUhNMG9nS0VJQ0FnSURyMzlYeXZRRRAB!2m1!1s0x0:0xb39ebb61cf77d678!3m1!1s2@1:CIHM0ogKEICAgIDr39XyvQE%7C%7C?hl=en-US,
69,,"Pavithra Acharya","Local Guide · 157 reviews","2024-08-07 13:28:51",5,35,"I recently visited Selenophile Cafe in BTM Layout and loved it! Their English breakfast platter at is great deal, The avocado toast is a must-try, and their Matcha Latte, Cappuccino, and Chocolate Cold Coffee are delightful. Don’t miss the fluffy Pancakes and creamy Kunafa for dessert. Plus, it’s a pet-friendly spot, so bring your furry friends along. Highly recommend for a cozy breakfast or coffee date!",no,en,"I recently visited Selenophile Cafe in BTM Layout and loved it! Their English breakfast platter at is great deal, The avocado toast is a must-try, and their Matcha Latte, Cappuccino, and Chocolate Cold Coffee are delightful. Don’t miss the fluffy Pancakes and creamy Kunafa for dessert. Plus, it’s a pet-friendly spot, so bring your furry friends along. Highly recommend for a cozy breakfast or coffee date!",en,"Local Guide · 157 reviews",https://www.google.com/maps/contrib/104814776287519824124?hl=en-US,https://www.google.com/maps/reviews/data=!4m8!14m7!1m6!2m5!1sChdDSUhNMG9nS0VJQ0FnSURicGZTOWhnRRAB!2m1!1s0x0:0xb39ebb61cf77d678!3m1!1s2@1:CIHM0ogKEICAgIDbpfS9hgE%7C%7C?hl=en-US,
70,,"DOULAT DESAI","Local Guide · 236 reviews","2024-08-20 09:06:27",5,38,"One of the best Tomato basil soups I had in Bangalore.

They freshly prepare it against order and the taste is just perfect.

Keep it up ..

Will definitely visit again.",no,en,"One of the best Tomato basil soups I had in Bangalore.

They freshly prepare it against order and the taste is just perfect.

Keep it up ..

Will definitely visit again.",en,"Local Guide · 236 reviews",https://www.google.com/maps/contrib/106848358965326868773?hl=en-US,https://www.google.com/maps/reviews/data=!4m8!14m7!1m6!2m5!1sChdDSUhNMG9nS0VJQ0FnSUQ3ME1MSXVRRRAB!2m1!1s0x0:0xb39ebb61cf77d678!3m1!1s2@1:CIHM0ogKEICAgID70MLIuQE%7C%7C?hl=en-US,
71,,"Dharshan Kumar","3 reviews","2024-08-26 15:46:46",5,0,"Super delicious pizza nice full enjoy u can play many games",no,en,"Super delicious pizza nice full enjoy u can play many games",en,"3 reviews",https://www.google.com/maps/contrib/104971843863551691550?hl=en-US,https://www.google.com/maps/reviews/data=!4m8!14m7!1m6!2m5!1sChZDSUhNMG9nS0VJQ0FnSUQ3bFppbWVREAE!2m1!1s0x0:0xb39ebb61cf77d678!3m1!1s2@1:CIHM0ogKEICAgID7lZimeQ%7C%7C?hl=en-US,
72,,"Sara Taskeen","Local Guide · 16 reviews","2024-08-28 12:24:33",1,1,"I had tried their mango cream and beverages, I used to come here often. But lately the food and taste has gone down. Not like before. Just ordered matcha latte and it was horrible. I called and told to make sweet and creamy. But got green tea like tasting matcha latte. Never ordering again.",no,en,"I had tried their mango cream and beverages, I used to come here often. But lately the food and taste has gone down. Not like before. Just ordered matcha latte and it was horrible. I called and told to make sweet and creamy. But got green tea like tasting matcha latte. Never ordering again.",en,"Local Guide · 16 reviews",https://www.google.com/maps/contrib/105788155883797775112?hl=en-US,https://www.google.com/maps/reviews/data=!4m8!14m7!1m6!2m5!1sChZDSUhNMG9nS0VJQ0FnSUQ3aTdqZFRREAE!2m1!1s0x0:0xb39ebb61cf77d678!3m1!1s2@1:CIHM0ogKEICAgID7i7jdTQ%7C%7C?hl=en-US,
73,,"Geetansh Mamtani","Local Guide · 99 reviews","2024-09-04 13:35:57",5,2,"Selenophile Café is a hidden gem for pizza lovers, boasting incredible pizza options starting from 69 ruppes on their menu! Whether you prefer classic flavors or something more adventurous, there’s a pizza here for everyone. The colorful sliders are not just a treat for the eyes but also packed with flavor. Their coffee is the perfect pick-me-up, with a taste that stands out. The ambiance is cozy and inviting, making it a great spot to relax with friends or enjoy a quiet meal. I highly recommend giving this place a try!""",no,en,"Selenophile Café is a hidden gem for pizza lovers, boasting incredible pizza options starting from 69 ruppes on their menu! Whether you prefer classic flavors or something more adventurous, there’s a pizza here for everyone. The colorful sliders are not just a treat for the eyes but also packed with flavor. Their coffee is the perfect pick-me-up, with a taste that stands out. The ambiance is cozy and inviting, making it a great spot to relax with friends or enjoy a quiet meal. I highly recommend giving this place a try!""",en,"Local Guide · 99 reviews",https://www.google.com/maps/contrib/108282076296382451190?hl=en-US,https://www.google.com/maps/reviews/data=!4m8!14m7!1m6!2m5!1sChdDSUhNMG9nS0VJQ0FnSUNINXVIUG53RRAB!2m1!1s0x0:0xb39ebb61cf77d678!3m1!1s2@1:CIHM0ogKEICAgICH5uHPnwE%7C%7C?hl=en-US,
74,,"VARSHINI T S","1 review","2024-09-08 17:38:12",5,0,"It was such a wonderful experience! The cozy atmosphere made it the perfect spot to unwind. What really stood out was the friendly staff – they were so welcoming and quick to assist with any questions. The customer service was top-notch!",no,en,"It was such a wonderful experience! The cozy atmosphere made it the perfect spot to unwind. What really stood out was the friendly staff – they were so welcoming and quick to assist with any questions. The customer service was top-notch!",en,"1 review",https://www.google.com/maps/contrib/102596628144984629628?hl=en-US,https://www.google.com/maps/reviews/data=!4m8!14m7!1m6!2m5!1sChZDSUhNMG9nS0VJQ0FnSUNIODl5NExREAE!2m1!1s0x0:0xb39ebb61cf77d678!3m1!1s2@1:CIHM0ogKEICAgICH89y4LQ%7C%7C?hl=en-US,
75,,"Apoorva K.S.","Local Guide · 36 reviews","2024-12-06 18:04:42",4,13,"🍰👍 This cafe is a wonderful spot! 😊

🎉 Perfect for celebrations and spending quality time with friends, cousins, and loved ones! 👫

🍰 We tried the Kunafa here, and it was delicious! 😋

🏞️ The ambience is stunningly beautiful, with a calm and peaceful atmosphere! 🌿
👌 Plus, it's less crowded, making it an ideal spot to relax! 😌

📊 The cafe also offers a co-working ambience, perfect for freelancers, entrepreneurs, and remote workers! 💻

🎲 They provide indoor games like:
Rubik's cube 🤯
Puzzles 🧩
...and more! 🎮

👥 The staff is friendly and welcoming, making you feel right at home! 🤗

👍 Overall, this cafe is a must-visit for its delicious food, beautiful ambience, and wonderful amenities! 🌟",no,en,"🍰👍 This cafe is a wonderful spot! 😊

🎉 Perfect for celebrations and spending quality time with friends, cousins, and loved ones! 👫

🍰 We tried the Kunafa here, and it was delicious! 😋

🏞️ The ambience is stunningly beautiful, with a calm and peaceful atmosphere! 🌿
👌 Plus, it's less crowded, making it an ideal spot to relax! 😌

📊 The cafe also offers a co-working ambience, perfect for freelancers, entrepreneurs, and remote workers! 💻

🎲 They provide indoor games like:
Rubik's cube 🤯
Puzzles 🧩
...and more! 🎮

👥 The staff is friendly and welcoming, making you feel right at home! 🤗

👍 Overall, this cafe is a must-visit for its delicious food, beautiful ambience, and wonderful amenities! 🌟",en,"Local Guide · 36 reviews",https://www.google.com/maps/contrib/100956940619017101570?hl=en-US,https://www.google.com/maps/reviews/data=!4m8!14m7!1m6!2m5!1sChZDSUhNMG9nS0VJQ0FnSUNMeG8zY1hREAE!2m1!1s0x0:0xb39ebb61cf77d678!3m1!1s2@1:CIHM0ogKEICAgICLxo3cXQ%7C%7C?hl=en-US,
76,,"Deva Dhotrad","Local Guide · 81 reviews","2024-12-10 07:33:40",2,69,"The breakfast was flavourless and bad. Sausages were stale and the beans tasted fishy.",no,en,"The breakfast was flavourless and bad. Sausages were stale and the beans tasted fishy.",en,"Local Guide · 81 reviews",https://www.google.com/maps/contrib/107302829918823897894?hl=en-US,https://www.google.com/maps/reviews/data=!4m8!14m7!1m6!2m5!1sChdDSUhNMG9nS0VJQ0FnSUN2cEo2d293RRAB!2m1!1s0x0:0xb39ebb61cf77d678!3m1!1s2@1:CIHM0ogKEICAgICvpJ6wowE%7C%7C?hl=en-US,
77,,"Gsbamamaalsvab bbdbdndndbdb","1 review","2024-12-17 17:56:56",5,0,"I had selenophile pasta and it is amazing , I recommend this cafe for pasta love it.. staffs are friendly ❤️",no,en,"I had selenophile pasta and it is amazing , I recommend this cafe for pasta love it.. staffs are friendly ❤️",en,"1 review",https://www.google.com/maps/contrib/117632598420888034400?hl=en-US,https://www.google.com/maps/reviews/data=!4m8!14m7!1m6!2m5!1sChZDSUhNMG9nS0VJQ0FnSUR2cE9ER093EAE!2m1!1s0x0:0xb39ebb61cf77d678!3m1!1s2@1:CIHM0ogKEICAgIDvpODGOw%7C%7C?hl=en-US,
78,,"Aysha khan","5 reviews","2024-12-30 07:06:50",5,0,"One of the best ambiance they are having in this cafe ..Highly recommended ,please do visit for your experience.",no,en,"One of the best ambiance they are having in this cafe ..Highly recommended ,please do visit for your experience.",en,"5 reviews",https://www.google.com/maps/contrib/115744517407313369021?hl=en-US,https://www.google.com/maps/reviews/data=!4m8!14m7!1m6!2m5!1sChdDSUhNMG9nS0VJQ0FnSUNmaWJ5UWtRRRAB!2m1!1s0x0:0xb39ebb61cf77d678!3m1!1s2@1:CIHM0ogKEICAgICfibyQkQE%7C%7C?hl=en-US,
79,,"Ajit Nayak","2 reviews","2025-01-12 16:40:12",5,2,"Selenophile Cafe in Bangalore is a must-visit for pizza lovers! Their thin-crust pizzas are perfectly crisp, loaded with fresh, flavorful toppings, and offer the ideal cheese pull. The cozy ambiance and friendly staff make it a great spot for any occasion. Highly recommended! If you're in the BTM Layout area, it might be worth visiting to sample their offerings firsthand.",no,en,"Selenophile Cafe in Bangalore is a must-visit for pizza lovers! Their thin-crust pizzas are perfectly crisp, loaded with fresh, flavorful toppings, and offer the ideal cheese pull. The cozy ambiance and friendly staff make it a great spot for any occasion. Highly recommended! If you're in the BTM Layout area, it might be worth visiting to sample their offerings firsthand.",en,"2 reviews",https://www.google.com/maps/contrib/117660838588126480649?hl=en-US,https://www.google.com/maps/reviews/data=!4m8!14m7!1m6!2m5!1sChZDSUhNMG9nS0VJQ0FnSUNfdU5TcGZ3EAE!2m1!1s0x0:0xb39ebb61cf77d678!3m1!1s2@1:CIHM0ogKEICAgIC_uNSpfw%7C%7C?hl=en-US,
80,,"Alok Alamban","Local Guide · 35 reviews","2025-01-15 12:46:52",5,7,"Thanks for wonderful kunafa",no,en,"Thanks for wonderful kunafa",en,"Local Guide · 35 reviews",https://www.google.com/maps/contrib/115968195868818180535?hl=en-US,https://www.google.com/maps/reviews/data=!4m8!14m7!1m6!2m5!1sChdDSUhNMG9nS0VJQ0FnSUNfLXVuVV9nRRAB!2m1!1s0x0:0xb39ebb61cf77d678!3m1!1s2@1:CIHM0ogKEICAgIC_-unU_gE%7C%7C?hl=en-US,
81,,"Prashanth Nair","Local Guide · 14 reviews","2025-01-21 15:29:26",5,12,"Tasty food. Also a great place to get kids. They loved solving the puzzles and playing the board games. Great family time.",no,en,"Tasty food. Also a great place to get kids. They loved solving the puzzles and playing the board games. Great family time.",en,"Local Guide · 14 reviews",https://www.google.com/maps/contrib/104559273058624489456?hl=en-US,https://www.google.com/maps/reviews/data=!4m8!14m7!1m6!2m5!1sChdDSUhNMG9nS0VJQ0FnSUNyXzRMWHl3RRAB!2m1!1s0x0:0xb39ebb61cf77d678!3m1!1s2@1:CIHM0ogKEICAgICr_4LXywE%7C%7C?hl=en-US,
82,,"Shakti Kumar","3 reviews","2025-01-22 08:52:16",5,0,"Awesome place, has the best pasta. We always come here for pasta and kunafa :)",no,en,"Awesome place, has the best pasta. We always come here for pasta and kunafa :)",en,"3 reviews",https://www.google.com/maps/contrib/112598830483335607427?hl=en-US,https://www.google.com/maps/reviews/data=!4m8!14m7!1m6!2m5!1sChdDSUhNMG9nS0VJQ0FnSURfN0ppbi1RRRAB!2m1!1s0x0:0xb39ebb61cf77d678!3m1!1s2@1:CIHM0ogKEICAgID_7Jin-QE%7C%7C?hl=en-US,
83,,"MOHD NOMAN","6 reviews","2025-01-24 17:20:10",5,3,"Must try alfardo and lasani ya, it was so yammy.
Highly recommend",no,en,"Must try alfardo and lasani ya, it was so yammy.
Highly recommend",en,"6 reviews",https://www.google.com/maps/contrib/116307165078059540160?hl=en-US,https://www.google.com/maps/reviews/data=!4m8!14m7!1m6!2m5!1sChdDSUhNMG9nS0VJQ0FnSURfZ2UzeS1nRRAB!2m1!1s0x0:0xb39ebb61cf77d678!3m1!1s2@1:CIHM0ogKEICAgID_ge3y-gE%7C%7C?hl=en-US,
84,,"Mohammed Adeeb","Local Guide · 4 reviews","2025-01-24 17:25:04",5,18,"Pocket friendly offers are best
Must try for college students
Also pancakes are a must",no,en,"Pocket friendly offers are best
Must try for college students
Also pancakes are a must",en,"Local Guide · 4 reviews",https://www.google.com/maps/contrib/110486698959331118110?hl=en-US,https://www.google.com/maps/reviews/data=!4m8!14m7!1m6!2m5!1sChZDSUhNMG9nS0VJQ0FnSURfZ2FPYlRBEAE!2m1!1s0x0:0xb39ebb61cf77d678!3m1!1s2@1:CIHM0ogKEICAgID_gaObTA%7C%7C?hl=en-US,
85,,Snehal,"6 reviews","2025-02-03 13:52:58",4,2,"The food is actually pretty brilliant. They've got the white sauce pasta flavour just right and they're generous with portions. Really good place, good ice tea as well.",no,en,"The food is actually pretty brilliant. They've got the white sauce pasta flavour just right and they're generous with portions. Really good place, good ice tea as well.",en,"6 reviews",https://www.google.com/maps/contrib/111582421076213112611?hl=en-US,https://www.google.com/maps/reviews/data=!4m8!14m7!1m6!2m5!1sChZDSUhNMG9nS0VJQ0FnTUNBdmZmbVdREAE!2m1!1s0x0:0xb39ebb61cf77d678!3m1!1s2@1:CIHM0ogKEICAgMCAvffmWQ%7C%7C?hl=en-US,
86,,"kiran kumar","5 reviews","2025-02-13 08:06:05",5,1,"Pista Kunafa tastes exceptional, and I truly appreciate the immersive gaming environment.",no,en,"Pista Kunafa tastes exceptional, and I truly appreciate the immersive gaming environment.",en,"5 reviews",https://www.google.com/maps/contrib/101231486723758770435?hl=en-US,https://www.google.com/maps/reviews/data=!4m8!14m7!1m6!2m5!1sChdDSUhNMG9nS0VJQ0FnTUNnb1BiWTFnRRAB!2m1!1s0x0:0xb39ebb61cf77d678!3m1!1s2@1:CIHM0ogKEICAgMCgoPbY1gE%7C%7C?hl=en-US,
87,,"Gowtham vishu","Local Guide · 30 reviews","2025-02-13 11:49:05",5,15,"Had an amazing experience trying the kunafa here! The texture was perfectly crispy on the outside while being deliciously gooey and cheesy inside. The balance of sweetness with the syrup was just right, and the touch of crushed pistachios added a great flavor. Served hot and fresh, this dessert truly hit the spot. Highly recommend it for anyone looking for an authentic and satisfying kunafa experience!",no,en,"Had an amazing experience trying the kunafa here! The texture was perfectly crispy on the outside while being deliciously gooey and cheesy inside. The balance of sweetness with the syrup was just right, and the touch of crushed pistachios added a great flavor. Served hot and fresh, this dessert truly hit the spot. Highly recommend it for anyone looking for an authentic and satisfying kunafa experience!",en,"Local Guide · 30 reviews",https://www.google.com/maps/contrib/109243466342382625985?hl=en-US,https://www.google.com/maps/reviews/data=!4m8!14m7!1m6!2m5!1sChZDSUhNMG9nS0VJQ0FnTUNna0otS2FBEAE!2m1!1s0x0:0xb39ebb61cf77d678!3m1!1s2@1:CIHM0ogKEICAgMCgkJ-KaA%7C%7C?hl=en-US,
88,,"sunila jena","Local Guide · 41 reviews","2025-02-14 15:32:50",5,16,"Reasonable pricing of all items. You can come here to work from as this place offers free WiFi and has plug points....
Great service!!! And the Cold Coffee was awsome 😋!!!",no,en,"Reasonable pricing of all items. You can come here to work from as this place offers free WiFi and has plug points....
Great service!!! And the Cold Coffee was awsome 😋!!!",en,"Local Guide · 41 reviews",https://www.google.com/maps/contrib/114247685752109224660?hl=en-US,https://www.google.com/maps/reviews/data=!4m8!14m7!1m6!2m5!1sChZDSUhNMG9nS0VJQ0FnTUNndEpQcWF3EAE!2m1!1s0x0:0xb39ebb61cf77d678!3m1!1s2@1:CIHM0ogKEICAgMCgtJPqaw%7C%7C?hl=en-US,
89,,"Pritam Rath","8 reviews","2025-02-14 15:33:39",5,4,"The cafe's ambience and decor is great with affordable and delicious food options. The staff was amazing.It has an option for free wifi and working space which makes it a perfect choice to work on.
Ordered a Chicken pizza which was good and Assam Tea with cookies(Nankhatai) which was awesome and a must try one for tea lovers.
I am coming for this again...!!!",no,en,"The cafe's ambience and decor is great with affordable and delicious food options. The staff was amazing.It has an option for free wifi and working space which makes it a perfect choice to work on.
Ordered a Chicken pizza which was good and Assam Tea with cookies(Nankhatai) which was awesome and a must try one for tea lovers.
I am coming for this again...!!!",en,"8 reviews",https://www.google.com/maps/contrib/110589235629347556118?hl=en-US,https://www.google.com/maps/reviews/data=!4m8!14m7!1m6!2m5!1sChdDSUhNMG9nS0VJQ0FnTUNndE5PV3ZnRRAB!2m1!1s0x0:0xb39ebb61cf77d678!3m1!1s2@1:CIHM0ogKEICAgMCgtNOWvgE%7C%7C?hl=en-US,
90,,"Arya Prasad","9 reviews","2025-02-15 09:54:43",5,4,"Good food and good ambience",no,en,"Good food and good ambience",en,"9 reviews",https://www.google.com/maps/contrib/105211312233509683410?hl=en-US,https://www.google.com/maps/reviews/data=!4m8!14m7!1m6!2m5!1sChdDSUhNMG9nS0VJQ0FnTUNnb3R5VnZBRRAB!2m1!1s0x0:0xb39ebb61cf77d678!3m1!1s2@1:CIHM0ogKEICAgMCgotyVvAE%7C%7C?hl=en-US,
91,,Ashraf,"1 review","2025-02-22 09:13:21",5,1,"Pizza very good Go back dominos....we used ur holes 😄.... thanks",no,en,"Pizza very good Go back dominos....we used ur holes 😄.... thanks",en,"1 review",https://www.google.com/maps/contrib/101209461956730475115?hl=en-US,https://www.google.com/maps/reviews/data=!4m8!14m7!1m6!2m5!1sChZDSUhNMG9nS0VJQ0FnTURnbU5qU0RnEAE!2m1!1s0x0:0xb39ebb61cf77d678!3m1!1s2@1:CIHM0ogKEICAgMDgmNjSDg%7C%7C?hl=en-US,
92,,"Pratham Gowda","Local Guide · 51 reviews","2025-02-22 09:13:58",5,15,"Very ambient, friendly and helpful staff, charger available",no,en,"Very ambient, friendly and helpful staff, charger available",en,"Local Guide · 51 reviews",https://www.google.com/maps/contrib/103713776780395154705?hl=en-US,https://www.google.com/maps/reviews/data=!4m8!14m7!1m6!2m5!1sChdDSUhNMG9nS0VJQ0FnTURnbUxqVDhRRRAB!2m1!1s0x0:0xb39ebb61cf77d678!3m1!1s2@1:CIHM0ogKEICAgMDgmLjT8QE%7C%7C?hl=en-US,
93,,"Aiswariya Mahapatra","13 reviews","2025-02-27 12:37:36",5,1,"Very cozy place… tried Kunafa for first time its good!!",no,en,"Very cozy place… tried Kunafa for first time its good!!",en,"13 reviews",https://www.google.com/maps/contrib/114911429907495386827?hl=en-US,https://www.google.com/maps/reviews/data=!4m8!14m7!1m6!2m5!1sChZDSUhNMG9nS0VJQ0FnTURneTc2b2Z3EAE!2m1!1s0x0:0xb39ebb61cf77d678!3m1!1s2@1:CIHM0ogKEICAgMDgy76ofw%7C%7C?hl=en-US,
94,,"Tafazul Hussain","4 reviews","2025-02-27 13:20:22",4,1,"Very tasty Kunafa they have. Tried cream and cheese loved it",no,en,"Very tasty Kunafa they have. Tried cream and cheese loved it",en,"4 reviews",https://www.google.com/maps/contrib/109016145361212935660?hl=en-US,https://www.google.com/maps/reviews/data=!4m8!14m7!1m6!2m5!1sChdDSUhNMG9nS0VJQ0FnTURncThEYzF3RRAB!2m1!1s0x0:0xb39ebb61cf77d678!3m1!1s2@1:CIHM0ogKEICAgMDgq8Dc1wE%7C%7C?hl=en-US,
95,,"Sheeba Isaac","Local Guide · 13 reviews","2025-03-18 12:26:50",5,3,"I went today to Selenophile cafe since i needed a space to work . Such a cute cafe hidden gem i would say where i could work peacefully and the staff there also doesn't disturb you and was super sweet . I am writing this review because  i loved the experience and would definitely visit the place again . Highly recommend .This cafe deserves all the love <3 .. Please visit this place.",no,en,"I went today to Selenophile cafe since i needed a space to work . Such a cute cafe hidden gem i would say where i could work peacefully and the staff there also doesn't disturb you and was super sweet . I am writing this review because  i loved the experience and would definitely visit the place again . Highly recommend .This cafe deserves all the love <3 .. Please visit this place.",en,"Local Guide · 13 reviews",https://www.google.com/maps/contrib/112546005908538365739?hl=en-US,https://www.google.com/maps/reviews/data=!4m8!14m7!1m6!2m5!1sChdDSUhNMG9nS0VJQ0FnTUN3aHBXM3hnRRAB!2m1!1s0x0:0xb39ebb61cf77d678!3m1!1s2@1:CIHM0ogKEICAgMCwhpW3xgE%7C%7C?hl=en-US,
96,,"swetha nair","Local Guide · 18 reviews","2025-04-08 18:18:08",1,3,"Nope ....don't go here...I was surprised by the reviews and i visited the place...first of all..not clean...the outside of the cafe is really bad...and it stinks...the inside is jus not maintained...there was dust on salt and pepper...they took 45 mins for an English breakfast and wen it came...most of it was missing....taste wise...it was good...dats wat de 2 stars are for...It looks like a cafe that was good has now lost its charm...they are not maintaining the cafe either....",no,en,"Nope ....don't go here...I was surprised by the reviews and i visited the place...first of all..not clean...the outside of the cafe is really bad...and it stinks...the inside is jus not maintained...there was dust on salt and pepper...they took 45 mins for an English breakfast and wen it came...most of it was missing....taste wise...it was good...dats wat de 2 stars are for...It looks like a cafe that was good has now lost its charm...they are not maintaining the cafe either....",en,"Local Guide · 18 reviews",https://www.google.com/maps/contrib/108615383271794306731?hl=en-US,https://www.google.com/maps/reviews/data=!4m8!14m7!1m6!2m5!1sChdDSUhNMG9nS0VJQ0FnTURJaXNyS3NRRRAB!2m1!1s0x0:0xb39ebb61cf77d678!3m1!1s2@1:CIHM0ogKEICAgMDIisrKsQE%7C%7C?hl=en-US,
97,,"Pradeep Rao","6 reviews","2025-06-07 10:20:25",1,0,"It’s not the same anymore. They changed them menu and food. Not tasty food, waffles were underdone and not choclaty at all. Worst of all cockroaches everywhere, tissues and spoons. Don’t know how is the kitchen maintained! No more visiting the place",no,en,"It’s not the same anymore. They changed them menu and food. Not tasty food, waffles were underdone and not choclaty at all. Worst of all cockroaches everywhere, tissues and spoons. Don’t know how is the kitchen maintained! No more visiting the place",en,"6 reviews",https://www.google.com/maps/contrib/106117434417018574282?hl=en-US,https://www.google.com/maps/reviews/data=!4m8!14m7!1m6!2m5!1sChZDSUhNMG9nS0VKbnQtWXJmcFlfNWVREAE!2m1!1s0x0:0xb39ebb61cf77d678!3m1!1s2@1:CIHM0ogKEJnt-YrfpY_5eQ%7C%7C?hl=en-US,
98,,"Ankita Nag","Local Guide · 280 reviews","2025-06-10 15:26:43",5,111,"Earlier it was heaven... My favorite place to go but now except for insects you won't see anything
Please don't go here.
The owners have changed.
The staff has changed.
I was there last time and found insects in my choco lava. Dead insects.
Horrible experience

They didn't even have milk or anything for the basic coffee...
Horrible experience please don't go here unless you want food poisoning",no,en,"Earlier it was heaven... My favorite place to go but now except for insects you won't see anything
Please don't go here.
The owners have changed.
The staff has changed.
I was there last time and found insects in my choco lava. Dead insects.
Horrible experience

They didn't even have milk or anything for the basic coffee...
Horrible experience please don't go here unless you want food poisoning",en,"Local Guide · 280 reviews",https://www.google.com/maps/contrib/118414595049574738490?hl=en-US,https://www.google.com/maps/reviews/data=!4m8!14m7!1m6!2m5!1sChdDSUhNMG9nS0VJQ0FnSURyMFB2enF3RRAB!2m1!1s0x0:0xb39ebb61cf77d678!3m1!1s2@1:CIHM0ogKEICAgIDr0PvzqwE%7C%7C?hl=en-US,
99,,"Dharmendra Rekwal","Local Guide · 18 reviews","2025-11-21 12:47:56",5,2,"Very good food and good service",no,en,"Very good food and good service",en,"Local Guide · 18 reviews",https://www.google.com/maps/contrib/102216141749261505147?hl=en-US,https://www.google.com/maps/reviews/data=!4m8!14m7!1m6!2m5!1sCi9DQUlRQUNvZENodHljRjlvT2xKM2QzVTRZemRRV2pCalFubDBWRTVyYkY5bmRsRRAB!2m1!1s0x0:0xb39ebb61cf77d678!3m1!1s2@1:CAIQACodChtycF9oOlJ3d3U4YzdQWjBjQnl0VE5rbF9ndlE%7C%7C?hl=en-US,
100,,"Shravika Singh","Local Guide · 15 reviews","2026-01-06 15:36:37",4,3,"Where are you guys located now ?",no,en,"Where are you guys located now ?",en,"Local Guide · 15 reviews",https://www.google.com/maps/contrib/103462715785376037222?hl=en-US,https://www.google.com/maps/reviews/data=!4m8!14m7!1m6!2m5!1sCi9DQUlRQUNvZENodHljRjlvT2pGbFZGbFJTVTFTWjBWcVJ5MUVaVTU1Y0ZSeFZGRRAB!2m1!1s0x0:0xb39ebb61cf77d678!3m1!1s2@1:CAIQACodChtycF9oOjFlVFlRSU1SZ0VqRy1EZU55cFRxVFE%7C%7C?hl=en-US,
